Time;Y;Vy;Fy
5.99952e-06;-4.366299e-12;-1.455548e-06;-0.01964289
1.319851e-05;-1.845118e-11;-2.457464e-06;-0.01126825
