Time;Y;Vy;Fy
5.99988e-06;3.19188e-12;1.063981e-06;0.01435774
1.319991e-05;4.244742e-12;-7.715206e-07;-0.02064027
2.183957e-05;4.076069e-13;-1.167399e-07;0.006136122
3.220752e-05;-7.350468e-13;-1.036804e-07;0.0001019829
4.464906e-05;-3.548218e-12;-3.485418e-07;-0.001593459
5.957892e-05;-7.756636e-12;-2.152173e-07;0.0007230184
